exp_id,exp_name,epoch,train_acc,train_loss,val_acc,val_loss,is_best,duration
exp251011_201841,test,1,0.30395,1.8997461795806885,0.301,1.9044311283111572,True,25.872790098190308
exp251011_201841,test,2,0.363075,1.7912946161270142,0.3615,1.8006354167938232,True,32.52978444099426
exp251011_201841,test,3,0.3703,1.7704883743286133,0.37,1.7689047843933106,True,40.61744976043701
exp251011_201841,test,4,0.391775,1.7345473093032837,0.3826,1.752860184288025,True,34.7357075214386
